timestamp_utc,scenario,elapsed_seconds,sample_interval_seconds,cpu_percent_one_core,rss_bytes,rss_mib,process_count,child_process_count
2026-10-02T23:41:25.427094+00:00,idle,1.0,1.0,13.996,181108736,172.719,1,0
2026-10-02T23:41:26.434927+00:00,idle,2.008,1.007,17.87,181112832,172.723,1,0
2026-10-02T23:41:27.442699+00:00,idle,3.015,1.008,18.853,181116928,172.727,1,0
2026-10-02T23:41:28.449895+00:00,idle,4.023,1.008,14.886,181116928,172.727,1,0
2026-10-02T23:41:29.458131+00:00,idle,5.03,1.007,17.871,181075968,172.688,1,0
2026-10-02T23:41:30.465555+00:00,idle,6.038,1.008,14.878,181075968,172.688,1,0
2026-10-02T23:41:31.472996+00:00,idle,7.046,1.007,17.868,181080064,172.691,1,0
2026-10-02T23:41:32.480983+00:00,idle,8.053,1.007,20.844,181182464,172.789,1,0
2026-10-02T23:41:33.485938+00:00,idle,9.061,1.008,13.89,181202944,172.809,1,0
2026-10-02T23:41:34.493520+00:00,idle,10.066,1.005,20.897,181411840,173.008,1,0
2026-10-02T23:41:35.507985+00:00,idle,11.074,1.008,15.88,181460992,173.055,1,0
2026-10-02T23:41:36.518058+00:00,idle,12.088,1.015,15.771,181460992,173.055,1,0
2026-10-02T23:41:37.525908+00:00,idle,13.098,1.01,18.809,181436416,173.031,1,0
2026-10-02T23:41:38.534127+00:00,idle,14.106,1.008,15.877,181436416,173.031,1,0
2026-10-02T23:41:39.544637+00:00,idle,15.114,1.008,19.836,181452800,173.047,1,0
2026-10-02T23:41:40.553572+00:00,idle,16.125,1.011,19.789,181456896,173.051,1,0
2026-10-02T23:41:41.563545+00:00,idle,17.134,1.009,12.885,181465088,173.059,1,0
2026-10-02T23:41:42.571660+00:00,idle,18.144,1.01,18.812,181465088,173.059,1,0
2026-10-02T23:41:43.576817+00:00,idle,19.152,1.008,14.881,181473280,173.066,1,0
2026-10-02T23:41:44.584291+00:00,idle,20.157,1.005,18.901,181481472,173.074,1,0
2026-10-02T23:41:45.592501+00:00,idle,21.165,1.007,19.852,181489664,173.082,1,0
2026-10-02T23:41:46.600228+00:00,idle,22.173,1.008,12.895,181489664,173.082,1,0
2026-10-02T23:41:47.608636+00:00,idle,23.181,1.008,20.839,181489664,173.082,1,0
2026-10-02T23:41:48.616159+00:00,idle,24.189,1.008,15.868,181379072,172.977,1,0
2026-10-02T23:41:49.624520+00:00,idle,25.196,1.007,19.852,181387264,172.984,1,0
2026-10-02T23:41:50.632285+00:00,idle,26.205,1.009,20.821,181391360,172.988,1,0
2026-10-02T23:41:51.640174+00:00,idle,27.213,1.008,14.888,181391360,172.988,1,0
2026-10-02T23:41:52.650240+00:00,idle,28.22,1.008,21.828,181391360,172.988,1,0
2026-10-02T23:41:53.655540+00:00,idle,29.231,1.01,14.85,181391360,172.988,1,0
2026-10-02T23:41:54.663251+00:00,idle,30.236,1.005,18.899,181391360,172.988,1,0
2026-10-02T23:41:55.672855+00:00,idle,31.244,1.008,18.857,181391360,172.988,1,0
2026-10-02T23:41:56.682466+00:00,idle,32.253,1.01,12.876,181391360,172.988,1,0
2026-10-02T23:41:57.690619+00:00,idle,33.263,1.01,17.827,181391360,172.988,1,0
2026-10-02T23:41:58.695568+00:00,idle,34.271,1.008,16.863,181391360,172.988,1,0
2026-10-02T23:41:59.703461+00:00,idle,35.276,1.005,15.92,181391360,172.988,1,0
2026-10-02T23:42:00.709008+00:00,idle,36.284,1.008,19.846,181391360,172.988,1,0
2026-10-02T23:42:01.716407+00:00,idle,37.289,1.006,13.923,181391360,172.988,1,0
2026-10-02T23:42:02.726746+00:00,idle,38.297,1.007,18.86,181391360,172.988,1,0
2026-10-02T23:42:03.733029+00:00,idle,39.307,1.01,18.805,181395456,172.992,1,0
2026-10-02T23:42:04.741120+00:00,idle,40.313,1.006,15.9,181395456,172.992,1,0
2026-10-02T23:42:05.749702+00:00,idle,41.321,1.008,17.857,181395456,172.992,1,0
2026-10-02T23:42:06.755320+00:00,idle,42.33,1.009,14.872,181395456,172.992,1,0
2026-10-02T23:42:07.762772+00:00,idle,43.336,1.006,18.892,181395456,172.992,1,0
2026-10-02T23:42:08.770592+00:00,idle,44.343,1.007,18.861,181395456,172.992,1,0
2026-10-02T23:42:09.778798+00:00,idle,45.351,1.008,14.882,181395456,172.992,1,0
2026-10-02T23:42:10.786551+00:00,idle,46.359,1.008,19.84,181018624,172.633,1,0
2026-10-02T23:42:11.794325+00:00,idle,47.367,1.008,16.87,181018624,172.633,1,0
2026-10-02T23:42:12.801696+00:00,idle,48.375,1.008,20.836,181018624,172.633,1,0
2026-10-02T23:42:13.809519+00:00,idle,49.382,1.007,19.854,180969472,172.586,1,0
2026-10-02T23:42:14.819357+00:00,idle,50.39,1.008,14.883,180969472,172.586,1,0
2026-10-02T23:42:15.829611+00:00,idle,51.4,1.01,19.803,180936704,172.555,1,0
2026-10-02T23:42:16.844054+00:00,idle,52.41,1.01,15.839,180936704,172.555,1,0
2026-10-02T23:42:17.853542+00:00,idle,53.424,1.014,15.773,180916224,172.535,1,0
2026-10-02T23:42:18.861440+00:00,idle,54.434,1.01,18.82,180916224,172.535,1,0
2026-10-02T23:42:19.869405+00:00,idle,55.442,1.008,13.892,180916224,172.535,1,0
2026-10-02T23:42:20.877688+00:00,idle,56.45,1.008,16.864,180916224,172.535,1,0
2026-10-02T23:42:21.885448+00:00,idle,57.458,1.008,16.862,180916224,172.535,1,0
2026-10-02T23:42:22.895313+00:00,idle,58.466,1.008,15.877,180916224,172.535,1,0
2026-10-02T23:42:23.903018+00:00,idle,59.476,1.01,15.843,180916224,172.535,1,0
2026-10-02T23:42:24.428352+00:00,idle,60.0,0.524,13.347,180916224,172.535,1,0
