run_id,concurrency,timestamp_utc,elapsed_seconds,cpu_percent_one_core,rss_bytes,rss_mib
7bf74d9bb1,1,2026-10-02T23:30:20.283831+00:00,1.002,17.97,161505280,154.023
7bf74d9bb1,1,2026-10-02T23:30:21.294248+00:00,2.009,18.86,161566720,154.082
7bf74d9bb1,1,2026-10-02T23:30:22.304968+00:00,3.019,18.805,161619968,154.133
7bf74d9bb1,1,2026-10-02T23:30:23.316779+00:00,4.03,18.799,161665024,154.176
7bf74d9bb1,1,2026-10-02T23:30:24.324271+00:00,5.042,18.777,161718272,154.227
7bf74d9bb1,1,2026-10-02T23:30:25.329891+00:00,6.049,19.854,161726464,154.234
7bf74d9bb1,1,2026-10-02T23:30:26.338615+00:00,7.055,17.899,161726464,154.234
7bf74d9bb1,1,2026-10-02T23:30:27.349256+00:00,8.064,18.835,161730560,154.238
7bf74d9bb1,1,2026-10-02T23:30:28.359465+00:00,9.074,17.81,161730560,154.238
7bf74d9bb1,1,2026-10-02T23:30:29.369330+00:00,10.085,17.817,161734656,154.242
7bf74d9bb1,1,2026-10-02T23:30:30.379743+00:00,11.094,18.816,161775616,154.281
7bf74d9bb1,1,2026-10-02T23:30:31.389125+00:00,12.105,19.794,161804288,154.309
7bf74d9bb1,1,2026-10-02T23:30:32.398833+00:00,13.115,18.819,161808384,154.312
7bf74d9bb1,1,2026-10-02T23:30:33.409813+00:00,14.124,17.828,161808384,154.312
7bf74d9bb1,1,2026-10-02T23:30:34.417648+00:00,15.135,19.782,161812480,154.316
7bf74d9bb1,1,2026-10-02T23:30:35.428344+00:00,16.143,17.861,161812480,154.316
7bf74d9bb1,1,2026-10-02T23:30:36.437643+00:00,17.154,18.8,161820672,154.324
7bf74d9bb1,1,2026-10-02T23:30:37.445449+00:00,18.163,17.833,161820672,154.324
7bf74d9bb1,1,2026-10-02T23:30:38.456344+00:00,19.171,18.853,161857536,154.359
7bf74d9bb1,1,2026-10-02T23:30:39.285591+00:00,20.0,20.496,161857536,154.359
7bf74d9bb1,5,2026-10-02T23:30:40.334860+00:00,1.004,63.767,162705408,155.168
7bf74d9bb1,5,2026-10-02T23:30:41.346231+00:00,2.016,62.246,162906112,155.359
7bf74d9bb1,5,2026-10-02T23:30:42.355210+00:00,3.027,64.263,162955264,155.406
7bf74d9bb1,5,2026-10-02T23:30:43.363585+00:00,4.036,58.478,163041280,155.488
7bf74d9bb1,5,2026-10-02T23:30:44.378205+00:00,5.045,62.45,163045376,155.492
7bf74d9bb1,5,2026-10-02T23:30:45.390072+00:00,6.059,63.094,163090432,155.535
7bf74d9bb1,5,2026-10-02T23:30:46.402039+00:00,7.071,67.211,163090432,155.535
7bf74d9bb1,5,2026-10-02T23:30:47.412556+00:00,8.083,62.253,163090432,155.535
7bf74d9bb1,5,2026-10-02T23:30:48.422723+00:00,9.094,65.313,163262464,155.699
7bf74d9bb1,5,2026-10-02T23:30:49.438354+00:00,10.104,67.316,163262464,155.699
7bf74d9bb1,5,2026-10-02T23:30:50.448884+00:00,11.119,59.08,163262464,155.699
7bf74d9bb1,5,2026-10-02T23:30:51.459083+00:00,12.13,60.362,163553280,155.977
7bf74d9bb1,5,2026-10-02T23:30:52.468458+00:00,13.14,67.318,163565568,155.988
7bf74d9bb1,5,2026-10-02T23:30:53.479268+00:00,14.149,62.41,163565568,155.988
7bf74d9bb1,5,2026-10-02T23:30:54.490021+00:00,15.16,67.271,163565568,155.988
7bf74d9bb1,5,2026-10-02T23:30:55.500647+00:00,16.171,59.367,163569664,155.992
7bf74d9bb1,5,2026-10-02T23:30:56.511713+00:00,17.182,57.387,163569664,155.992
7bf74d9bb1,5,2026-10-02T23:30:57.523648+00:00,18.193,63.304,163586048,156.008
7bf74d9bb1,5,2026-10-02T23:30:58.538327+00:00,19.205,62.254,163586048,156.008
7bf74d9bb1,5,2026-10-02T23:30:59.327910+00:00,20.0,57.816,163586048,156.008
7bf74d9bb1,10,2026-10-02T23:31:00.401263+00:00,1.007,101.324,166031360,158.34
7bf74d9bb1,10,2026-10-02T23:31:01.420234+00:00,2.021,108.433,166682624,158.961
7bf74d9bb1,10,2026-10-02T23:31:02.435257+00:00,3.04,99.123,167469056,159.711
7bf74d9bb1,10,2026-10-02T23:31:03.445841+00:00,4.055,95.562,168513536,160.707
7bf74d9bb1,10,2026-10-02T23:31:04.458270+00:00,5.066,95.983,168894464,161.07
7bf74d9bb1,10,2026-10-02T23:31:05.468495+00:00,6.078,106.682,168898560,161.074
7bf74d9bb1,10,2026-10-02T23:31:06.479548+00:00,7.088,106.907,168910848,161.086
7bf74d9bb1,10,2026-10-02T23:31:07.488553+00:00,8.099,109.786,168927232,161.102
7bf74d9bb1,10,2026-10-02T23:31:08.498516+00:00,9.108,96.129,169058304,161.227
7bf74d9bb1,10,2026-10-02T23:31:09.510414+00:00,10.118,100.999,169209856,161.371
7bf74d9bb1,10,2026-10-02T23:31:10.522978+00:00,11.13,102.776,169226240,161.387
7bf74d9bb1,10,2026-10-02T23:31:11.536597+00:00,12.143,102.71,169525248,161.672
7bf74d9bb1,10,2026-10-02T23:31:12.548465+00:00,13.156,97.671,169811968,161.945
7bf74d9bb1,10,2026-10-02T23:31:13.558724+00:00,14.169,100.771,169820160,161.953
7bf74d9bb1,10,2026-10-02T23:31:14.567210+00:00,15.179,94.065,169906176,162.035
7bf74d9bb1,10,2026-10-02T23:31:15.578388+00:00,16.187,102.134,170045440,162.168
7bf74d9bb1,10,2026-10-02T23:31:16.590454+00:00,17.198,96.916,170057728,162.18
7bf74d9bb1,10,2026-10-02T23:31:17.602837+00:00,18.21,98.804,170057728,162.18
7bf74d9bb1,10,2026-10-02T23:31:18.613710+00:00,19.223,99.769,170057728,162.18
7bf74d9bb1,10,2026-10-02T23:31:19.389166+00:00,20.0,100.328,170057728,162.18
7bf74d9bb1,20,2026-10-02T23:31:20.471277+00:00,1.014,113.414,170635264,162.73
7bf74d9bb1,20,2026-10-02T23:31:21.480658+00:00,2.028,113.373,171126784,163.199
7bf74d9bb1,20,2026-10-02T23:31:22.491492+00:00,3.038,112.932,171302912,163.367
7bf74d9bb1,20,2026-10-02T23:31:23.505482+00:00,4.05,113.639,171712512,163.758
7bf74d9bb1,20,2026-10-02T23:31:24.516285+00:00,5.063,110.587,171868160,163.906
7bf74d9bb1,20,2026-10-02T23:31:25.528276+00:00,6.073,113.772,172175360,164.199
7bf74d9bb1,20,2026-10-02T23:31:26.532013+00:00,7.085,109.685,172183552,164.207
7bf74d9bb1,20,2026-10-02T23:31:27.539226+00:00,8.089,112.531,172187648,164.211
7bf74d9bb1,20,2026-10-02T23:31:28.551794+00:00,9.096,112.239,172249088,164.27
7bf74d9bb1,20,2026-10-02T23:31:29.561915+00:00,10.109,112.584,172249088,164.27
7bf74d9bb1,20,2026-10-02T23:31:30.572823+00:00,11.119,112.852,172457984,164.469
7bf74d9bb1,20,2026-10-02T23:31:31.582755+00:00,12.13,112.774,172544000,164.551
7bf74d9bb1,20,2026-10-02T23:31:32.593752+00:00,13.14,111.891,172863488,164.855
7bf74d9bb1,20,2026-10-02T23:31:33.603997+00:00,14.151,114.739,172867584,164.859
7bf74d9bb1,20,2026-10-02T23:31:34.616465+00:00,15.161,113.817,172965888,164.953
7bf74d9bb1,20,2026-10-02T23:31:35.628884+00:00,16.174,113.599,172965888,164.953
7bf74d9bb1,20,2026-10-02T23:31:36.639318+00:00,17.186,111.601,172965888,164.953
7bf74d9bb1,20,2026-10-02T23:31:37.652134+00:00,18.196,111.846,172978176,164.965
7bf74d9bb1,20,2026-10-02T23:31:38.662776+00:00,19.209,113.539,172974080,164.961
7bf74d9bb1,20,2026-10-02T23:31:39.453408+00:00,20.0,108.731,172978176,164.965
7bf74d9bb1,40,2026-10-02T23:31:40.579098+00:00,1.022,111.585,173965312,165.906
7bf74d9bb1,40,2026-10-02T23:31:41.590490+00:00,2.038,111.192,174055424,165.992
7bf74d9bb1,40,2026-10-02T23:31:42.606576+00:00,3.049,110.738,174133248,166.066
7bf74d9bb1,40,2026-10-02T23:31:43.618086+00:00,4.065,111.211,174227456,166.156
7bf74d9bb1,40,2026-10-02T23:31:44.629609+00:00,5.077,111.715,174292992,166.219
7bf74d9bb1,40,2026-10-02T23:31:45.639805+00:00,6.088,112.7,174297088,166.223
7bf74d9bb1,40,2026-10-02T23:31:46.655305+00:00,7.099,111.851,174309376,166.234
7bf74d9bb1,40,2026-10-02T23:31:47.668998+00:00,8.114,111.28,174309376,166.234
7bf74d9bb1,40,2026-10-02T23:31:48.683110+00:00,9.128,112.463,174350336,166.273
7bf74d9bb1,40,2026-10-02T23:31:49.694145+00:00,10.142,110.443,174354432,166.277
7bf74d9bb1,40,2026-10-02T23:31:50.705407+00:00,11.153,111.766,174612480,166.523
7bf74d9bb1,40,2026-10-02T23:31:51.719464+00:00,12.164,110.753,174612480,166.523
7bf74d9bb1,40,2026-10-02T23:31:52.733256+00:00,13.178,111.427,174612480,166.523
7bf74d9bb1,40,2026-10-02T23:31:53.746233+00:00,14.192,111.465,174620672,166.531
7bf74d9bb1,40,2026-10-02T23:31:54.757499+00:00,15.205,112.545,174620672,166.531
7bf74d9bb1,40,2026-10-02T23:31:55.772249+00:00,16.216,110.751,174669824,166.578
7bf74d9bb1,40,2026-10-02T23:31:56.785422+00:00,17.231,111.358,174669824,166.578
7bf74d9bb1,40,2026-10-02T23:31:57.795867+00:00,18.244,111.531,174690304,166.598
7bf74d9bb1,40,2026-10-02T23:31:58.812130+00:00,19.255,111.765,174694400,166.602
7bf74d9bb1,40,2026-10-02T23:31:59.552060+00:00,20.001,111.356,174694400,166.602
